"","delta_star","lower_ci","upper_ci","p_value"
"1",0.0562096509125638,-0.0665290947540762,0.0668825853183583,0.0982
