"","delta_star","lower_ci","upper_ci","p_value"
"1",0.0562096509125638,-0.0678632115548004,0.0668825853183583,0.1036
