"","delta_star","lower_ci","upper_ci","p_value"
"1",0.0572016858591087,-0.0669535141807933,0.0678817030668419,0.0957000000000001
