"","delta_star","lower_ci","upper_ci","p_value"
"1",0.0562096509125638,-0.0665290947540762,0.0655484685176342,0.095
