"","delta_star","lower_ci","upper_ci","p_value"
"1",0.0562096509125638,-0.0651949779533516,0.0642143517169096,0.0896
