"","delta_star","lower_ci","upper_ci","p_value"
"1",0.0572016858591087,-0.0669535141807933,0.0665467009158753,0.0923
